item_code,item_name,total_qty,trx_frequency,avg_qty_per_trx,std_qty,recency,label,class_id,Qty_Velocity,Trx_Velocity,Recency_Ratio,Qty_Velocity_zscore,Trx_Velocity_zscore,Avg_Qty_Per_Trx_zscore,Std_Qty_zscore,Recency_Ratio_zscore,pred_knn,pred_rf,pred_svm,pred_lr,pred_xgb,pred_consensus
103700002,ANBIOLID  FC TABLET,51,36,1.4166666666666667,0.6035608621222173,27,Slow Moving,2,0.04661791590493602,0.03290676416819013,0.024680073126142597,-0.5273,-0.4938,-0.7216,-0.7133,-0.3486,Medium Moving,Slow Moving,Medium Moving,Medium Moving,Slow Moving,Medium Moving
103700003,ANCEFA FC TABLET,365,87,4.195402298850575,4.387718272473667,51,Medium Moving,1,0.3336380255941499,0.07952468007312614,0.04661791590493602,-0.3613,-0.2808,-0.3151,-0.1892,-0.2439,Medium Moving,Medium Moving,Medium Moving,Medium Moving,Medium Moving,Medium Moving
103700004,ANCEFA 125 DRY SUSPENSION,42,15,2.8,2.1447610589527217,68,Slow Moving,2,0.038391224862888484,0.013711151736745886,0.062157221206581355,-0.5321,-0.5815,-0.5193,-0.4999,-0.1698,Slow Moving,Slow Moving,Medium Moving,Slow Moving,Slow Moving,Slow Moving
103700005,ANCEFA 250 DRY SUSPENSION,92,28,3.2857142857142856,1.8430478552727265,47,Medium Moving,1,0.08409506398537477,0.025594149908592323,0.04296160877513711,-0.5056,-0.5272,-0.4482,-0.5416,-0.2614,Slow Moving,Medium Moving,Medium Moving,Medium Moving,Medium Moving,Medium Moving
103700007,ANCLA  FC TABLET,166,66,2.515151515151515,1.647771681742199,42,Medium Moving,1,0.15173674588665448,0.0603290676416819,0.038391224862888484,-0.4665,-0.3685,-0.5609,-0.5687,-0.2832,Medium Moving,Medium Moving,Medium Moving,Medium Moving,Medium Moving,Medium Moving
103700008,ANCLA FORTE DRY SUSPENSION,222,19,11.68421052631579,12.092479901800068,20,Medium Moving,1,0.20292504570383912,0.01736745886654479,0.018281535648994516,-0.4369,-0.5648,0.7804,0.8778,-0.3792,Medium Moving,Medium Moving,Medium Moving,Medium Moving,Medium Moving,Medium Moving
103700009,ANDONEX 100 SYRUP,107,4,26.75,18.409689477736084,49,Medium Moving,1,0.09780621572212066,0.003656307129798903,0.044789762340036565,-0.4977,-0.6274,2.9843,1.7527,-0.2527,Fast Moving,Medium Moving,Fast Moving,Medium Moving,Medium Moving,Medium Moving
103700010,ANDONEX 60 SYRUP,1886,54,34.925925925925924,18.084551785361683,22,Fast Moving,0,1.7239488117001829,0.04936014625228519,0.02010968921389397,0.443,-0.4186,4.1803,1.7077,-0.3705,Fast Moving,Fast Moving,Fast Moving,Fast Moving,Fast Moving,Fast Moving
103700017,ARCAPEC DRY SUSPENSION,277,83,3.3373493975903616,1.3905351525865506,1,Medium Moving,1,0.253199268738574,0.07586837294332724,0.0009140767824497258,-0.4078,-0.2975,-0.4406,-0.6043,-0.4621,Medium Moving,Medium Moving,Medium Moving,Medium Moving,Medium Moving,Medium Moving
103700018,ARCAPEC (BLISTER) TABLET,779,464,1.6788793103448276,1.3104934665198888,0,Fast Moving,0,0.7120658135283364,0.42413162705667273,0.0,-0.1424,1.2937,-0.6833,-0.6154,-0.4664,Medium Moving,Medium Moving,Fast Moving,Fast Moving,Medium Moving,Medium Moving
103700021,ARINIA  5  TABLET,25,11,2.272727272727273,1.009049958219026,757,Slow Moving,2,0.022851919561243144,0.010054844606946984,0.6919561243144424,-0.5411,-0.5982,-0.5964,-0.6571,2.8362,Slow Moving,Slow Moving,Slow Moving,Slow Moving,Slow Moving,Slow Moving
103700022,ARSINAL  FC TABLET,857,380,2.2552631578947366,1.6788608665381322,2,Fast Moving,0,0.783363802559415,0.3473491773308958,0.0018281535648994515,-0.1011,0.9429,-0.5989,-0.5644,-0.4577,Medium Moving,Fast Moving,Medium Moving,Medium Moving,Fast Moving,Medium Moving
103700023,ARSITAM 500 TABLET,69,7,9.857142857142858,4.59813626840888,100,Medium Moving,1,0.06307129798903108,0.006398537477148081,0.09140767824497258,-0.5178,-0.6149,0.5131,-0.1601,-0.0302,Medium Moving,Medium Moving,Medium Moving,Slow Moving,Medium Moving,Medium Moving
103700024,BIOCOMBIN  FC TABLET,410,179,2.2905027932960893,2.099884767770245,0,Medium Moving,1,0.37477148080438755,0.1636197440585009,0.0,-0.3375,0.1034,-0.5938,-0.5061,-0.4664,Medium Moving,Medium Moving,Medium Moving,Medium Moving,Medium Moving,Medium Moving
103700025,BIOCOMBIN 5000 LIQUID INJECTION,8693,703,12.365576102418208,15.348981560991463,0,Fast Moving,0,7.946069469835466,0.6425959780621572,0.0,4.0422,2.2918,0.8801,1.3288,-0.4664,Fast Moving,Fast Moving,Fast Moving,Fast Moving,Fast Moving,Fast Moving
103700026,BIOFOS 120 SYRUP,160,51,3.1372549019607843,1.3117866875851005,51,Medium Moving,1,0.14625228519195613,0.04661791590493602,0.04661791590493602,-0.4697,-0.4311,-0.4699,-0.6152,-0.2439,Medium Moving,Medium Moving,Medium Moving,Medium Moving,Medium Moving,Medium Moving
103700027,BIOFOS 60 SYRUP,1205,115,10.478260869565217,8.74727809903609,58,Fast Moving,0,1.1014625228519195,0.10511882998171847,0.05301645338208409,0.0829,-0.1638,0.604,0.4145,-0.2134,Fast Moving,Fast Moving,Fast Moving,Fast Moving,Fast Moving,Fast Moving
103700029,CALIX  SUSPENSION,60,23,2.608695652173913,1.8522499937982704,69,Slow Moving,2,0.054844606946983544,0.02102376599634369,0.06307129798903108,-0.5226,-0.5481,-0.5472,-0.5404,-0.1654,Slow Moving,Slow Moving,Medium Moving,Slow Moving,Slow Moving,Slow Moving
103700030,CALOSTRUM  SYRUP,63,29,2.1724137931034484,1.1670771035014103,9,Slow Moving,2,0.05758683729433273,0.026508226691042046,0.008226691042047532,-0.521,-0.523,-0.6111,-0.6353,-0.4272,Slow Moving,Slow Moving,Medium Moving,Medium Moving,Slow Moving,Slow Moving
103700031,CANERGY  FC TABLET,1409,211,6.677725118483412,9.554377034352187,1,Fast Moving,0,1.2879341864716636,0.19287020109689215,0.0009140767824497258,0.1907,0.2371,0.048,0.5263,-0.4621,Fast Moving,Fast Moving,Fast Moving,Fast Moving,Fast Moving,Fast Moving
103700034,CELODIM POWDER INJECTION,44,11,4.0,1.0954451150103321,602,Slow Moving,2,0.04021937842778794,0.010054844606946984,0.5502742230347349,-0.531,-0.5982,-0.3437,-0.6452,2.1599,Slow Moving,Slow Moving,Slow Moving,Slow Moving,Slow Moving,Slow Moving
103700035,CERETON  CAPSULE,103,50,2.06,1.3910794516548388,62,Medium Moving,1,0.09414990859232175,0.04570383912248629,0.056672760511883,-0.4998,-0.4353,-0.6275,-0.6042,-0.1959,Medium Moving,Medium Moving,Medium Moving,Medium Moving,Medium Moving,Medium Moving
103700037,CLINJOS 150  CAPSULE,119,58,2.0517241379310347,1.248471539812954,8,Medium Moving,1,0.10877513711151737,0.05301645338208409,0.007312614259597806,-0.4914,-0.4019,-0.6287,-0.624,-0.4315,Medium Moving,Medium Moving,Medium Moving,Medium Moving,Medium Moving,Medium Moving
103700038,CLINJOS 300 CAPSULE,82,55,1.490909090909091,0.6345814389765924,0,Medium Moving,1,0.07495429616087751,0.050274223034734916,0.0,-0.5109,-0.4144,-0.7108,-0.709,-0.4664,Medium Moving,Medium Moving,Medium Moving,Medium Moving,Medium Moving,Medium Moving
103700039,CLOVERTIL TABLET,23,17,1.3529411764705883,0.6063390625908325,0,Slow Moving,2,0.02102376599634369,0.015539305301645339,0.0,-0.5421,-0.5731,-0.7309,-0.7129,-0.4664,Slow Moving,Slow Moving,Medium Moving,Slow Moving,Slow Moving,Slow Moving
103700040,COMBES  FC TABLET,20,1,20.0,0.0,519,Slow Moving,2,0.018281535648994516,0.0009140767824497258,0.4744058500914077,-0.5437,-0.6399,1.9969,-0.7969,1.7978,Slow Moving,Slow Moving,Slow Moving,Slow Moving,Slow Moving,Slow Moving
103700042,DEOLIT CAPSULE,184,72,2.5555555555555554,1.875632392050624,22,Medium Moving,1,0.16819012797074953,0.06581352833638025,0.02010968921389397,-0.457,-0.3434,-0.555,-0.5371,-0.3705,Medium Moving,Medium Moving,Medium Moving,Medium Moving,Medium Moving,Medium Moving
103700043,DEPTRAL  CAPLET,44,19,2.3157894736842106,1.2495613265350083,20,Slow Moving,2,0.04021937842778794,0.01736745886654479,0.018281535648994516,-0.531,-0.5648,-0.5901,-0.6238,-0.3792,Slow Moving,Slow Moving,Medium Moving,Slow Moving,Slow Moving,Slow Moving
103700044,DEXAMETHASONE SODIUM PHOSPHATE LIQUID INJECTION,6799,495,13.735353535353536,21.564531313138406,0,Fast Moving,0,6.214808043875686,0.4524680073126143,0.0,3.0408,1.4231,1.0804,2.1896,-0.4664,Fast Moving,Fast Moving,Fast Moving,Fast Moving,Fast Moving,Fast Moving
103700045,DIAZEPAM LIQUID INJECTION,354,72,4.916666666666667,6.488885405277003,5,Medium Moving,1,0.3235831809872029,0.06581352833638025,0.004570383912248629,-0.3671,-0.3434,-0.2096,0.1018,-0.4446,Medium Moving,Medium Moving,Medium Moving,Medium Moving,Medium Moving,Medium Moving
103700048,DONEXAN DX 120 SYRUP,2764,175,15.794285714285714,13.814575487321706,7,Fast Moving,0,2.526508226691042,0.15996343692870202,0.006398537477148081,0.9072,0.0867,1.3816,1.1163,-0.4359,Fast Moving,Fast Moving,Fast Moving,Fast Moving,Fast Moving,Fast Moving
103700049,DONEXAN DX 60 SYRUP,4705,175,26.885714285714286,22.659868100491924,7,Fast Moving,0,4.30073126142596,0.15996343692870202,0.006398537477148081,1.9335,0.0867,3.0042,2.3413,-0.4359,Fast Moving,Fast Moving,Fast Moving,Fast Moving,Fast Moving,Fast Moving
103700050,DOSIVEC  CAPSULE,5,4,1.25,0.5,98,Slow Moving,2,0.004570383912248629,0.003656307129798903,0.08957952468007313,-0.5516,-0.6274,-0.746,-0.7276,-0.0389,Slow Moving,Slow Moving,Slow Moving,Slow Moving,Slow Moving,Slow Moving
103700051,DOSIVEC DRY SUSPENSION,8,4,2.0,0.0,61,Slow Moving,2,0.007312614259597806,0.003656307129798903,0.055758683729433274,-0.5501,-0.6274,-0.6363,-0.7969,-0.2003,Slow Moving,Slow Moving,Slow Moving,Slow Moving,Slow Moving,Slow Moving
103700052,EFLIN  SYRUP,449,76,5.907894736842105,4.999140276964822,11,Medium Moving,1,0.41042047531992687,0.06946983546617916,0.010054844606946984,-0.3169,-0.3267,-0.0646,-0.1046,-0.4184,Medium Moving,Medium Moving,Medium Moving,Medium Moving,Medium Moving,Medium Moving
103700053,EFLIN  TABLET,703,239,2.9414225941422596,3.3614097159743888,8,Medium Moving,1,0.6425959780621572,0.21846435100548445,0.007312614259597806,-0.1826,0.354,-0.4986,-0.3314,-0.4315,Medium Moving,Medium Moving,Medium Moving,Medium Moving,Medium Moving,Medium Moving
103700056,ESOMEPRAZOLE SODIUM POWDER INJECTION,2039,76,26.82894736842105,21.944407432051104,0,Fast Moving,0,1.863802559414991,0.06946983546617916,0.0,0.5239,-0.3267,2.9959,2.2422,-0.4664,Fast Moving,Fast Moving,Fast Moving,Fast Moving,Fast Moving,Fast Moving
103700057,EXOCID 40 POWDER INJECTION,2116,275,7.694545454545454,5.3757843828217835,0,Fast Moving,0,1.9341864716636197,0.2513711151736746,0.0,0.5646,0.5044,0.1968,-0.0524,-0.4664,Fast Moving,Fast Moving,Fast Moving,Fast Moving,Fast Moving,Fast Moving
103700060,FOLAPLUS  CAPLET,585,288,2.03125,1.7557459179001376,23,Medium Moving,1,0.5347349177330896,0.263254113345521,0.02102376599634369,-0.245,0.5587,-0.6317,-0.5537,-0.3661,Medium Moving,Medium Moving,Medium Moving,Medium Moving,Medium Moving,Medium Moving
103700063,FURAMIN  LIQUID INJECTION,3771,441,8.551020408163266,10.057008189771347,0,Fast Moving,0,3.4469835466179157,0.4031078610603291,0.0,1.4397,1.1976,0.322,0.5959,-0.4664,Fast Moving,Fast Moving,Fast Moving,Fast Moving,Fast Moving,Fast Moving
103700066,GASTRINAL HD CHEW. TABLET,1166,563,2.0710479573712255,1.5493989660700647,0,Fast Moving,0,1.0658135283363803,0.5146252285191956,0.0,0.0623,1.7071,-0.6259,-0.5823,-0.4664,Fast Moving,Fast Moving,Fast Moving,Fast Moving,Fast Moving,Fast Moving
103700071,GAVISTAL   LIQUID INJECTION,222,46,4.826086956521739,4.668115717056089,202,Medium Moving,1,0.20292504570383912,0.04204753199268738,0.1846435100548446,-0.4369,-0.452,-0.2229,-0.1504,0.4148,Medium Moving,Medium Moving,Medium Moving,Medium Moving,Medium Moving,Medium Moving
103700072,GAVISTAL 10  FC TABLET,174,84,2.0714285714285716,0.9542007856917756,0,Medium Moving,1,0.1590493601462523,0.07678244972577697,0.0,-0.4623,-0.2933,-0.6258,-0.6647,-0.4664,Medium Moving,Medium Moving,Medium Moving,Medium Moving,Medium Moving,Medium Moving
103700073,GLANCER  FC TABLET,42,40,1.05,0.22072142786315224,2,Slow Moving,2,0.038391224862888484,0.03656307129798903,0.0018281535648994515,-0.5321,-0.4771,-0.7753,-0.7663,-0.4577,Medium Moving,Slow Moving,Medium Moving,Medium Moving,Slow Moving,Medium Moving
103700074,HICAL CHEW. TABLET,2322,281,8.263345195729537,7.025085778712706,15,Fast Moving,0,2.1224862888482634,0.25685557586837293,0.013711151736745886,0.6735,0.5294,0.28,0.176,-0.401,Fast Moving,Fast Moving,Fast Moving,Fast Moving,Fast Moving,Fast Moving
103700075,INODERM CREAM,34,9,3.7777777777777777,1.2018504251546633,27,Slow Moving,2,0.031078610603290677,0.008226691042047532,0.024680073126142597,-0.5363,-0.6065,-0.3762,-0.6304,-0.3486,Slow Moving,Slow Moving,Medium Moving,Slow Moving,Slow Moving,Slow Moving
103700079,ISOFEM  FC TABLET,3,3,1.0,0.0,741,Slow Moving,2,0.002742230347349177,0.002742230347349177,0.6773308957952467,-0.5527,-0.6316,-0.7826,-0.7969,2.7664,Slow Moving,Slow Moving,Slow Moving,Slow Moving,Slow Moving,Slow Moving
103700080,KETOSIC 30  LIQUID INJECTION,608,159,3.8238993710691824,2.658958088498577,7,Medium Moving,1,0.5557586837294333,0.1453382084095064,0.006398537477148081,-0.2328,0.0199,-0.3695,-0.4286,-0.4359,Medium Moving,Medium Moving,Medium Moving,Medium Moving,Medium Moving,Medium Moving
103700084,LIPOFOOD  CAPSULE,12,9,1.3333333333333333,0.5,655,Slow Moving,2,0.010968921389396709,0.008226691042047532,0.5987202925045704,-0.5479,-0.6065,-0.7338,-0.7276,2.3912,Slow Moving,Slow Moving,Slow Moving,Slow Moving,Slow Moving,Slow Moving
103700086,LOREMID  FC TABLET,397,298,1.332214765100671,0.6868430151483131,1,Medium Moving,1,0.36288848263254114,0.27239488117001825,0.0009140767824497258,-0.3444,0.6004,-0.734,-0.7018,-0.4621,Medium Moving,Medium Moving,Medium Moving,Medium Moving,Medium Moving,Medium Moving
103700088,LUSANOC  TABLET,137,126,1.0873015873015872,0.28340335269269545,2,Medium Moving,1,0.12522851919561243,0.11517367458866545,0.0018281535648994515,-0.4818,-0.1179,-0.7698,-0.7576,-0.4577,Medium Moving,Medium Moving,Medium Moving,Medium Moving,Medium Moving,Medium Moving
103700089,LYCOQ CAPSULE,1,1,1.0,0.0,491,Slow Moving,2,0.0009140767824497258,0.0009140767824497258,0.44881170018281535,-0.5538,-0.6399,-0.7826,-0.7969,1.6757,Slow Moving,Slow Moving,Slow Moving,Slow Moving,Slow Moving,Slow Moving
103700090,MALTIRON  SYRUP,1953,112,17.4375,75.7673990662294,2,Fast Moving,0,1.7851919561243144,0.10237659963436929,0.0018281535648994515,0.4784,-0.1764,1.622,9.6962,-0.4577,Fast Moving,Fast Moving,Fast Moving,Fast Moving,Fast Moving,Fast Moving
103700091,MALTIRON PLUS  FC TABLET,680,259,2.6254826254826256,3.6919521813778515,0,Medium Moving,1,0.6215722120658135,0.236745886654479,0.0,-0.1947,0.4375,-0.5448,-0.2856,-0.4664,Medium Moving,Medium Moving,Medium Moving,Medium Moving,Medium Moving,Medium Moving
103700094,MAXPRO DRY SUSPENSION,577,118,4.889830508474576,3.982405531482314,23,Medium Moving,1,0.5274223034734917,0.10786106032906764,0.02102376599634369,-0.2492,-0.1513,-0.2135,-0.2454,-0.3661,Medium Moving,Medium Moving,Medium Moving,Medium Moving,Medium Moving,Medium Moving
103700095,MAXPRO 100 KAPSUL,506,157,3.2229299363057327,2.843342936184786,0,Medium Moving,1,0.4625228519195612,0.14351005484460694,0.0,-0.2867,0.0116,-0.4574,-0.4031,-0.4664,Medium Moving,Medium Moving,Medium Moving,Medium Moving,Medium Moving,Medium Moving
103700097,MEFIX 500  TABLET,3149,1696,1.8567216981132075,1.9285440689149957,0,Fast Moving,0,2.8784277879341866,1.5502742230347348,0.0,1.1108,6.4388,-0.6572,-0.5298,-0.4664,Fast Moving,Fast Moving,Fast Moving,Fast Moving,Fast Moving,Fast Moving
103700098,MELIDOX FC TABLET,876,175,5.005714285714285,4.309168443739336,1,Fast Moving,0,0.8007312614259597,0.15996343692870202,0.0009140767824497258,-0.0911,0.0867,-0.1966,-0.2001,-0.4621,Fast Moving,Fast Moving,Medium Moving,Medium Moving,Fast Moving,Fast Moving
103700099,MENSIPOX  FC TABLET,210,135,1.5555555555555556,0.7886003723456396,16,Medium Moving,1,0.19195612431444242,0.12340036563071298,0.014625228519195612,-0.4432,-0.0803,-0.7013,-0.6877,-0.3966,Medium Moving,Medium Moving,Medium Moving,Medium Moving,Medium Moving,Medium Moving
103700100,MEPROBAL 500 CAPSULE,179,98,1.8265306122448979,3.1883341163054975,1,Medium Moving,1,0.1636197440585009,0.08957952468007313,0.0009140767824497258,-0.4596,-0.2348,-0.6617,-0.3553,-0.4621,Medium Moving,Medium Moving,Medium Moving,Medium Moving,Medium Moving,Medium Moving
103700104,MEPROSON  TABLET,424,167,2.538922155688623,2.2488243327227506,0,Medium Moving,1,0.3875685557586837,0.1526508226691042,0.0,-0.3301,0.0533,-0.5574,-0.4854,-0.4664,Medium Moving,Medium Moving,Medium Moving,Medium Moving,Medium Moving,Medium Moving
103700108,MEPROVENT CAIRAN INHALASI,2559,281,9.1067615658363,13.225624094513442,0,Fast Moving,0,2.3391224862888484,0.25685557586837293,0.0,0.7988,0.5294,0.4033,1.0347,-0.4664,Fast Moving,Fast Moving,Fast Moving,Fast Moving,Fast Moving,Fast Moving
103700109,MEVACHOL 10  TABLET,30,2,15.0,12.727922061357855,1006,Slow Moving,2,0.027422303473491772,0.0018281535648994515,0.9195612431444241,-0.5384,-0.6358,1.2654,0.9658,3.9225,Slow Moving,Slow Moving,Slow Moving,Slow Moving,Slow Moving,Slow Moving
103700110,MEVITON  FC TABLET,173,98,1.7653061224489797,1.0030985028170871,0,Medium Moving,1,0.15813528336380256,0.08957952468007313,0.0,-0.4628,-0.2348,-0.6706,-0.658,-0.4664,Medium Moving,Medium Moving,Medium Moving,Medium Moving,Medium Moving,Medium Moving
103700114,MUCOS  DROPS,6461,1255,5.148207171314741,6.004545956361218,2,Fast Moving,0,5.905850091407678,1.147166361974406,0.0018281535648994515,2.862,4.5971,-0.1757,0.0347,-0.4577,Fast Moving,Fast Moving,Fast Moving,Fast Moving,Fast Moving,Fast Moving
103700115,MUCOS  TABLET,1013,747,1.356091030789826,1.0732425535887287,1,Fast Moving,0,0.9259597806215722,0.6828153564899452,0.0009140767824497258,-0.0186,2.4756,-0.7305,-0.6483,-0.4621,Fast Moving,Fast Moving,Fast Moving,Fast Moving,Fast Moving,Fast Moving
103700116,MUCOS-15 SYRUP,7774,1503,5.172322022621424,6.039173528572963,1,Fast Moving,0,7.1060329067641685,1.3738574040219378,0.0009140767824497258,3.5563,5.6328,-0.1722,0.0395,-0.4621,Fast Moving,Fast Moving,Fast Moving,Fast Moving,Fast Moving,Fast Moving
103700117,MYORES  TABLET,1086,360,3.0166666666666666,3.626696126102428,0,Fast Moving,0,0.9926873857404022,0.3290676416819013,0.0,0.02,0.8593,-0.4876,-0.2946,-0.4664,Fast Moving,Fast Moving,Fast Moving,Fast Moving,Fast Moving,Fast Moving
103700118,MYOTONIC FC TABLET,585,200,2.925,2.6217825460157758,0,Medium Moving,1,0.5347349177330896,0.18281535648994515,0.0,-0.245,0.1911,-0.501,-0.4338,-0.4664,Medium Moving,Medium Moving,Medium Moving,Medium Moving,Medium Moving,Medium Moving
103700119,MYOTONIC LIQUID INJECTION,1041,145,7.179310344827586,6.2301562374706965,2,Fast Moving,0,0.9515539305301646,0.13254113345521024,0.0018281535648994515,-0.0038,-0.0386,0.1214,0.0659,-0.4577,Fast Moving,Fast Moving,Medium Moving,Medium Moving,Fast Moving,Fast Moving
103700121,NEO PROVIGOR  FC TABLET,2,1,2.0,0.0,239,Slow Moving,2,0.0018281535648994515,0.0009140767824497258,0.21846435100548445,-0.5532,-0.6399,-0.6363,-0.7969,0.5763,Slow Moving,Slow Moving,Slow Moving,Slow Moving,Slow Moving,Slow Moving
103700122,NIFUDIAR  SUSPENSION,1946,422,4.611374407582939,6.204026239020136,0,Fast Moving,0,1.7787934186471663,0.3857404021937843,0.0,0.4747,1.1183,-0.2543,0.0623,-0.4664,Fast Moving,Fast Moving,Fast Moving,Fast Moving,Fast Moving,Fast Moving
103700123,NIKOLAM DRY SUSPENSION,34,14,2.4285714285714284,1.5045717874984443,1,Slow Moving,2,0.031078610603290677,0.012797074954296161,0.0009140767824497258,-0.5363,-0.5856,-0.5736,-0.5885,-0.4621,Slow Moving,Slow Moving,Medium Moving,Slow Moving,Slow Moving,Slow Moving
103700124,NIKOLAM 500 CAPSULE,19,16,1.1875,0.4031128874149274,2,Slow Moving,2,0.01736745886654479,0.014625228519195612,0.0018281535648994515,-0.5442,-0.5773,-0.7551,-0.7411,-0.4577,Slow Moving,Slow Moving,Slow Moving,Slow Moving,Slow Moving,Slow Moving
103700125,NORAGES  DROPS,1088,192,5.666666666666667,7.0757556223012,5,Fast Moving,0,0.9945155393053017,0.17550274223034734,0.004570383912248629,0.021,0.1577,-0.0999,0.183,-0.4446,Fast Moving,Fast Moving,Fast Moving,Fast Moving,Fast Moving,Fast Moving
103700126,NORAGES  SYRUP,5397,748,7.21524064171123,10.559853393411325,0,Fast Moving,0,4.93327239488117,0.6837294332723949,0.0,2.2994,2.4797,0.1266,0.6656,-0.4664,Fast Moving,Fast Moving,Fast Moving,Fast Moving,Fast Moving,Fast Moving
103700127,NORAGES  LIQUID INJECTION,1197,29,41.275862068965516,52.58183862984044,0,Fast Moving,0,1.0941499085923219,0.026508226691042046,0.0,0.0786,-0.523,5.1092,6.4852,-0.4664,Fast Moving,Fast Moving,Fast Moving,Fast Moving,Fast Moving,Fast Moving
103700129,OPM  CAPSULE,121,72,1.6805555555555556,1.3303223043645578,37,Medium Moving,1,0.11060329067641682,0.06581352833638025,0.033820840950639856,-0.4903,-0.3434,-0.683,-0.6127,-0.305,Medium Moving,Medium Moving,Medium Moving,Medium Moving,Medium Moving,Medium Moving
103700131,OXORIL SYRUP,5956,691,8.619392185238784,16.422011569166916,51,Fast Moving,0,5.444241316270567,0.6316270566727605,0.04661791590493602,2.595,2.2417,0.332,1.4774,-0.2439,Fast Moving,Fast Moving,Fast Moving,Fast Moving,Fast Moving,Fast Moving
103700132,PERIFLUX  SUSPENSION,2007,228,8.802631578947368,8.977239556160345,23,Fast Moving,0,1.8345521023765996,0.20840950639853748,0.02102376599634369,0.5069,0.3081,0.3588,0.4464,-0.3661,Fast Moving,Fast Moving,Fast Moving,Fast Moving,Fast Moving,Fast Moving
103700133,PHENYTOIN SODIUM LIQUID INJECTION,1003,126,7.9603174603174605,10.923296787069953,0,Fast Moving,0,0.916819012797075,0.11517367458866545,0.0,-0.0239,-0.1179,0.2356,0.7159,-0.4664,Medium Moving,Fast Moving,Fast Moving,Fast Moving,Fast Moving,Fast Moving
103700134,PROCALMA KAPSUL,576,112,5.142857142857143,5.984751107376633,1,Medium Moving,1,0.526508226691042,0.10237659963436929,0.0009140767824497258,-0.2497,-0.1764,-0.1765,0.0319,-0.4621,Medium Moving,Medium Moving,Medium Moving,Medium Moving,Medium Moving,Medium Moving
103700136,PROCELES SYRUP,7251,1195,6.067782426778242,9.27729842229266,1,Fast Moving,0,6.627970749542961,1.0923217550274222,0.0009140767824497258,3.2798,4.3465,-0.0412,0.4879,-0.4621,Fast Moving,Fast Moving,Fast Moving,Fast Moving,Fast Moving,Fast Moving
103700137,PROCELES TABLET,1239,753,1.6454183266932272,1.0329200328123007,1,Fast Moving,0,1.1325411334552102,0.6882998171846435,0.0009140767824497258,0.1009,2.5006,-0.6882,-0.6538,-0.4621,Fast Moving,Fast Moving,Fast Moving,Fast Moving,Fast Moving,Fast Moving
103700139,PROCETAM  LIQUID INJECTION,2,1,2.0,0.0,1006,Slow Moving,2,0.0018281535648994515,0.0009140767824497258,0.9195612431444241,-0.5532,-0.6399,-0.6363,-0.7969,3.9225,Slow Moving,Slow Moving,Slow Moving,Slow Moving,Slow Moving,Slow Moving
103700140,PROCETAM 1200  FC TABLET,7,4,1.75,0.9574271077563381,264,Slow Moving,2,0.006398537477148081,0.003656307129798903,0.2413162705667276,-0.5506,-0.6274,-0.6729,-0.6643,0.6853,Slow Moving,Slow Moving,Slow Moving,Slow Moving,Slow Moving,Slow Moving
103700142,PROCLOZAM  TABLET,91,41,2.2195121951219514,1.2552329489371925,51,Medium Moving,1,0.08318098720292505,0.037477148080438755,0.04661791590493602,-0.5062,-0.4729,-0.6042,-0.623,-0.2439,Medium Moving,Medium Moving,Medium Moving,Medium Moving,Medium Moving,Medium Moving
103700143,PROCOLIC FC TABLET,188,58,3.2413793103448274,2.879512293181255,13,Medium Moving,1,0.17184643510054845,0.05301645338208409,0.011882998171846435,-0.4549,-0.4019,-0.4547,-0.3981,-0.4097,Medium Moving,Medium Moving,Medium Moving,Medium Moving,Medium Moving,Medium Moving
103700144,PRODERMAL CREAM,130,54,2.4074074074074074,0.8582236705098153,22,Medium Moving,1,0.11882998171846434,0.04936014625228519,0.02010968921389397,-0.4855,-0.4186,-0.5767,-0.678,-0.3705,Medium Moving,Medium Moving,Medium Moving,Medium Moving,Medium Moving,Medium Moving
103700145,PRODEXON  CAPLET,2651,582,4.554982817869416,3.9383678154304262,0,Fast Moving,0,2.4232175502742233,0.5319926873857403,0.0,0.8475,1.7865,-0.2625,-0.2515,-0.4664,Fast Moving,Fast Moving,Fast Moving,Fast Moving,Fast Moving,Fast Moving
103700147,PROGESTON TABLET,1058,145,7.296551724137931,7.138631344400993,0,Fast Moving,0,0.9670932358318098,0.13254113345521024,0.0,0.0051,-0.0386,0.1385,0.1917,-0.4664,Fast Moving,Fast Moving,Fast Moving,Medium Moving,Fast Moving,Fast Moving
103700148,PROHISTIN  TABLET,150,126,1.1904761904761905,0.4140393356054127,2,Medium Moving,1,0.13711151736745886,0.11517367458866545,0.0018281535648994515,-0.475,-0.1179,-0.7547,-0.7395,-0.4577,Medium Moving,Medium Moving,Medium Moving,Medium Moving,Medium Moving,Medium Moving
103700149,PROIMBUS FC TABLET,259,70,3.7,3.159297298496907,32,Medium Moving,1,0.236745886654479,0.06398537477148081,0.029250457038391225,-0.4173,-0.3518,-0.3876,-0.3594,-0.3268,Medium Moving,Medium Moving,Medium Moving,Medium Moving,Medium Moving,Medium Moving
103700150,PROLEVOX 500  FC TABLET,404,130,3.1076923076923078,3.266570526617592,32,Medium Moving,1,0.3692870201096892,0.11882998171846434,0.029250457038391225,-0.3407,-0.1012,-0.4742,-0.3445,-0.3268,Medium Moving,Medium Moving,Medium Moving,Medium Moving,Medium Moving,Medium Moving
103700152,PROMUBA  SUSPENSION,2613,509,5.133595284872299,5.646564616626776,0,Fast Moving,0,2.3884826325411335,0.46526508226691043,0.0,0.8274,1.4816,-0.1779,-0.0149,-0.4664,Fast Moving,Fast Moving,Fast Moving,Fast Moving,Fast Moving,Fast Moving
103700153,PROMUBA  INFUSION,759,95,7.989473684210527,4.895709665033262,34,Medium Moving,1,0.6937842778793418,0.08683729433272395,0.031078610603290677,-0.153,-0.2474,0.2399,-0.1189,-0.3181,Medium Moving,Medium Moving,Medium Moving,Medium Moving,Medium Moving,Medium Moving
103700154,PRONEURON  TABLET,3810,859,4.435389988358557,6.269692904703832,0,Fast Moving,0,3.482632541133455,0.7851919561243145,0.0,1.4603,2.9433,-0.28,0.0714,-0.4664,Fast Moving,Fast Moving,Fast Moving,Fast Moving,Fast Moving,Fast Moving
103700155,PRONOVIR SYRUP,710,68,10.441176470588236,12.99756849010462,0,Medium Moving,1,0.6489945155393053,0.062157221206581355,0.0,-0.1789,-0.3601,0.5985,1.0032,-0.4664,Medium Moving,Medium Moving,Medium Moving,Medium Moving,Medium Moving,Medium Moving
103700156,PRONOVIR TABLET,23,5,4.6,3.1304951684997055,457,Slow Moving,2,0.02102376599634369,0.004570383912248629,0.41773308957952465,-0.5421,-0.6232,-0.2559,-0.3633,1.5273,Slow Moving,Slow Moving,Slow Moving,Slow Moving,Slow Moving,Slow Moving
103700159,PROTOCIN  LIQUID INJECTION,2033,224,9.075892857142858,8.89240866889603,0,Fast Moving,0,1.8583180987202925,0.20475319926873858,0.0,0.5207,0.2914,0.3988,0.4346,-0.4664,Fast Moving,Fast Moving,Fast Moving,Fast Moving,Fast Moving,Fast Moving
103700160,PROVAGIN OVULA,469,243,1.9300411522633745,1.5611644038409773,7,Medium Moving,1,0.4287020109689214,0.22212065813528337,0.006398537477148081,-0.3063,0.3707,-0.6465,-0.5807,-0.4359,Medium Moving,Medium Moving,Medium Moving,Medium Moving,Medium Moving,Medium Moving
103700162,PROXIDAN 400 KAPSUL,767,227,3.3788546255506606,4.497501027956735,0,Medium Moving,1,0.7010968921389397,0.20749542961608775,0.0,-0.1487,0.3039,-0.4346,-0.174,-0.4664,Medium Moving,Medium Moving,Medium Moving,Medium Moving,Medium Moving,Medium Moving
103700166,PYREXIN 160 SUPPOSITORY,587,222,2.644144144144144,1.929630104740129,61,Medium Moving,1,0.5365630712979891,0.20292504570383912,0.055758683729433274,-0.2439,0.283,-0.5421,-0.5297,-0.2003,Medium Moving,Medium Moving,Medium Moving,Medium Moving,Medium Moving,Medium Moving
103700167,PYREXIN 80 SUPPOSITORY,580,226,2.566371681415929,2.045596272515138,2,Medium Moving,1,0.5301645338208409,0.20658135283363802,0.0018281535648994515,-0.2476,0.2997,-0.5534,-0.5136,-0.4577,Medium Moving,Medium Moving,Medium Moving,Medium Moving,Medium Moving,Medium Moving
103700170,RELIV  FC TABLET,278,66,4.212121212121212,2.8797176758796845,28,Medium Moving,1,0.25411334552102377,0.0603290676416819,0.025594149908592323,-0.4073,-0.3685,-0.3127,-0.3981,-0.3443,Medium Moving,Medium Moving,Medium Moving,Medium Moving,Medium Moving,Medium Moving
103700171,RETOP CAPSULE,14,4,3.5,4.358898943540674,792,Slow Moving,2,0.012797074954296161,0.003656307129798903,0.7239488117001828,-0.5469,-0.6274,-0.4169,-0.1932,2.9889,Slow Moving,Slow Moving,Slow Moving,Slow Moving,Slow Moving,Slow Moving
103700172,RINOCET DROPS,27,14,1.9285714285714286,2.3685206585314194,7,Slow Moving,2,0.024680073126142597,0.012797074954296161,0.006398537477148081,-0.54,-0.5856,-0.6467,-0.4689,-0.4359,Slow Moving,Slow Moving,Medium Moving,Medium Moving,Slow Moving,Slow Moving
103700173,RINOCET SYRUP,110,38,2.8947368421052633,1.7209279973663885,7,Medium Moving,1,0.10054844606946983,0.03473491773308958,0.006398537477148081,-0.4961,-0.4854,-0.5054,-0.5586,-0.4359,Medium Moving,Medium Moving,Medium Moving,Medium Moving,Medium Moving,Medium Moving
103700175,ROTAVER TABLET,67,53,1.2641509433962264,0.5932616298003128,9,Medium Moving,1,0.061243144424131625,0.048446069469835464,0.008226691042047532,-0.5189,-0.4228,-0.7439,-0.7147,-0.4272,Medium Moving,Medium Moving,Medium Moving,Medium Moving,Medium Moving,Medium Moving
103700178,SIRPLUS ANGGUR SYRUP,3299,619,5.329563812600969,6.433474475147754,0,Fast Moving,0,3.0155393053016453,0.5658135283363802,0.0,1.1901,1.941,-0.1492,0.0941,-0.4664,Fast Moving,Fast Moving,Fast Moving,Fast Moving,Fast Moving,Fast Moving
103700179,SIRPLUS JERUK SYRUP,3497,679,5.150220913107511,6.422981124781273,1,Fast Moving,0,3.196526508226691,0.6206581352833638,0.0009140767824497258,1.2948,2.1916,-0.1754,0.0926,-0.4621,Fast Moving,Fast Moving,Fast Moving,Fast Moving,Fast Moving,Fast Moving
103700180,SIRPLUS MELON SYRUP,2345,362,6.4779005524861875,7.908115541959781,1,Fast Moving,0,2.143510054844607,0.33089579524680074,0.0009140767824497258,0.6857,0.8677,0.0188,0.2983,-0.4621,Fast Moving,Fast Moving,Fast Moving,Fast Moving,Fast Moving,Fast Moving
103700181,SIRPLUS STROBERI SYRUP,10144,1229,8.25386493083808,13.463087252050848,0,Fast Moving,0,9.272394881170019,1.123400365630713,0.0,4.8095,4.4885,0.2786,1.0676,-0.4664,Fast Moving,Fast Moving,Fast Moving,Fast Moving,Fast Moving,Fast Moving
103700182,SIRPLUS SERBUK ORIGINAL,1427,287,4.97212543554007,5.33682843779156,2,Fast Moving,0,1.3043875685557587,0.2623400365630713,0.0018281535648994515,0.2003,0.5545,-0.2015,-0.0578,-0.4577,Fast Moving,Fast Moving,Fast Moving,Fast Moving,Fast Moving,Fast Moving
103700183,SIRPLUS SERBUK STROBERI,2578,515,5.005825242718447,6.197618239058024,0,Fast Moving,0,2.356489945155393,0.47074954296160876,0.0,0.8089,1.5067,-0.1966,0.0614,-0.4664,Fast Moving,Fast Moving,Fast Moving,Fast Moving,Fast Moving,Fast Moving
103700184,SIZORIL 100 TABLET,271,28,9.678571428571429,8.977558735344527,20,Medium Moving,1,0.2477148080438757,0.025594149908592323,0.018281535648994516,-0.411,-0.5272,0.487,0.4464,-0.3792,Medium Moving,Medium Moving,Medium Moving,Medium Moving,Medium Moving,Medium Moving
103700185,SIZORIL 25 TABLET,119,15,7.933333333333334,7.333549780355512,225,Medium Moving,1,0.10877513711151737,0.013711151736745886,0.2056672760511883,-0.4914,-0.5815,0.2317,0.2187,0.5152,Medium Moving,Medium Moving,Medium Moving,Medium Moving,Medium Moving,Medium Moving
103700186,SODERMIX  CREAM,1232,336,3.6666666666666665,4.609745247167257,0,Fast Moving,0,1.1261425959780622,0.3071297989031079,0.0,0.0971,0.7591,-0.3925,-0.1585,-0.4664,Fast Moving,Fast Moving,Fast Moving,Fast Moving,Fast Moving,Fast Moving
103700187,SOLVINEX  SYRUP,2042,200,10.21,8.655663031366393,1,Fast Moving,0,1.86654478976234,0.18281535648994515,0.0009140767824497258,0.5254,0.1911,0.5647,0.4018,-0.4621,Fast Moving,Fast Moving,Fast Moving,Fast Moving,Fast Moving,Fast Moving
103700189,SOLVINEX  LIQUID INJECTION,1965,100,19.65,27.669541654200476,0,Fast Moving,0,1.7961608775137112,0.09140767824497258,0.0,0.4847,-0.2265,1.9457,3.0351,-0.4664,Fast Moving,Fast Moving,Fast Moving,Fast Moving,Fast Moving,Fast Moving
103700190,SOLVINEX LARUTAN,206,59,3.4915254237288136,2.2001009487492427,8,Medium Moving,1,0.1882998171846435,0.05393053016453382,0.007312614259597806,-0.4454,-0.3977,-0.4181,-0.4922,-0.4315,Medium Moving,Medium Moving,Medium Moving,Medium Moving,Medium Moving,Medium Moving
103700191,SPASMOLIT FC TABLET,626,220,2.8454545454545452,2.674712850670308,0,Medium Moving,1,0.5722120658135283,0.20109689213893966,0.0,-0.2233,0.2747,-0.5126,-0.4265,-0.4664,Medium Moving,Medium Moving,Medium Moving,Medium Moving,Medium Moving,Medium Moving
103700193,SUPRAFENID SUPPOSITORY,821,249,3.2971887550200805,3.424301219114329,2,Fast Moving,0,0.7504570383912249,0.22760511882998172,0.0018281535648994515,-0.1202,0.3958,-0.4465,-0.3227,-0.4577,Medium Moving,Fast Moving,Medium Moving,Medium Moving,Fast Moving,Medium Moving
103700194,SUPRALYSIN DROPS,7358,279,26.372759856630825,22.24691660592318,7,Fast Moving,0,6.725776965265082,0.25502742230347347,0.006398537477148081,3.3363,0.5211,2.9291,2.2841,-0.4359,Fast Moving,Fast Moving,Fast Moving,Fast Moving,Fast Moving,Fast Moving
103700195,SUPRALYSIN 100 SYRUP,482,96,5.020833333333333,8.211646628470882,2,Medium Moving,1,0.4405850091407678,0.08775137111517367,0.0018281535648994515,-0.2994,-0.2432,-0.1944,0.3404,-0.4577,Medium Moving,Medium Moving,Medium Moving,Medium Moving,Medium Moving,Medium Moving
103700196,SUPRALYSIN 60 SYRUP,12573,385,32.65714285714286,43.138003560555234,0,Fast Moving,0,11.492687385740401,0.35191956124314444,0.0,6.0938,0.9638,3.8484,5.1773,-0.4664,Fast Moving,Fast Moving,Fast Moving,Fast Moving,Fast Moving,Fast Moving
103700197,SUPRAMOX DROPS,1796,140,12.82857142857143,12.00655867357136,5,Fast Moving,0,1.6416819012797075,0.12797074954296161,0.004570383912248629,0.3954,-0.0594,0.9478,0.8659,-0.4446,Fast Moving,Fast Moving,Fast Moving,Fast Moving,Fast Moving,Fast Moving
103700198,SUPRAMOX 125 DRY SUSPENSION,2080,165,12.606060606060606,13.49105257681738,23,Fast Moving,0,1.9012797074954295,0.15082266910420475,0.02102376599634369,0.5455,0.045,0.9152,1.0715,-0.3661,Fast Moving,Fast Moving,Fast Moving,Fast Moving,Fast Moving,Fast Moving
103700199,SUPRAMOX 250 FORTE DRY SUSPENSION,257,62,4.145161290322581,7.713829977668593,47,Medium Moving,1,0.23491773308957953,0.056672760511883,0.04296160877513711,-0.4184,-0.3852,-0.3225,0.2714,-0.2614,Medium Moving,Medium Moving,Medium Moving,Medium Moving,Medium Moving,Medium Moving
103700200,SUPRAMOX 500 KAPLET,599,366,1.6366120218579234,1.828742661785184,0,Medium Moving,1,0.5475319926873857,0.33455210237659966,0.0,-0.2376,0.8844,-0.6894,-0.5436,-0.4664,Medium Moving,Medium Moving,Medium Moving,Medium Moving,Medium Moving,Medium Moving
103700202,TABAS  TABLET,1,1,1.0,0.0,965,Slow Moving,2,0.0009140767824497258,0.0009140767824497258,0.8820840950639853,-0.5538,-0.6399,-0.7826,-0.7969,3.7436,Slow Moving,Slow Moving,Slow Moving,Slow Moving,Slow Moving,Slow Moving
103700203,TB RIF SYRUP,79,19,4.157894736842105,2.544343571636172,91,Medium Moving,1,0.07221206581352833,0.01736745886654479,0.08318098720292505,-0.5125,-0.5648,-0.3206,-0.4445,-0.0694,Medium Moving,Medium Moving,Medium Moving,Slow Moving,Medium Moving,Medium Moving
103700204,TB VIT 6 TABLET,292,134,2.1791044776119404,1.930564397076149,1,Medium Moving,1,0.26691042047531993,0.12248628884826325,0.0009140767824497258,-0.3999,-0.0845,-0.6101,-0.5295,-0.4621,Medium Moving,Medium Moving,Medium Moving,Medium Moving,Medium Moving,Medium Moving
103700205,TB VIT 6 120 SYRUP,160,56,2.857142857142857,1.6995033651957532,23,Medium Moving,1,0.14625228519195613,0.051188299817184646,0.02102376599634369,-0.4697,-0.4102,-0.5109,-0.5615,-0.3661,Medium Moving,Medium Moving,Medium Moving,Medium Moving,Medium Moving,Medium Moving
103700206,TB VIT 6 225 SYRUP,9,3,3.0,2.0,306,Slow Moving,2,0.008226691042047532,0.002742230347349177,0.2797074954296161,-0.5495,-0.6316,-0.49,-0.5199,0.8686,Slow Moving,Slow Moving,Slow Moving,Slow Moving,Slow Moving,Slow Moving
103700207,TB ZET TABLET,3,1,3.0,0.0,989,Slow Moving,2,0.002742230347349177,0.0009140767824497258,0.9040219378427788,-0.5527,-0.6399,-0.49,-0.7969,3.8483,Slow Moving,Slow Moving,Slow Moving,Slow Moving,Slow Moving,Slow Moving
103700208,TONOTAN TABLET,13,10,1.3,0.48304589153964794,4,Slow Moving,2,0.011882998171846435,0.009140767824497258,0.003656307129798903,-0.5474,-0.6023,-0.7387,-0.73,-0.449,Slow Moving,Slow Moving,Slow Moving,Slow Moving,Slow Moving,Slow Moving
103700210,TRICKER LIQUID INJECTION,351,100,3.51,2.4761284541017097,16,Medium Moving,1,0.32084095063985374,0.09140767824497258,0.014625228519195612,-0.3687,-0.2265,-0.4154,-0.454,-0.3966,Medium Moving,Medium Moving,Medium Moving,Medium Moving,Medium Moving,Medium Moving
103700211,TRICKER 150  FC TABLET,117,58,2.0172413793103448,1.1621422944905146,1,Medium Moving,1,0.10694698354661791,0.05301645338208409,0.0009140767824497258,-0.4924,-0.4019,-0.6338,-0.6359,-0.4621,Medium Moving,Medium Moving,Medium Moving,Medium Moving,Medium Moving,Medium Moving
103700213,TUDIAB  TABLET,70,39,1.794871794871795,1.0557982058859336,0,Medium Moving,1,0.06398537477148081,0.0356489945155393,0.0,-0.5173,-0.4812,-0.6663,-0.6507,-0.4664,Medium Moving,Medium Moving,Medium Moving,Medium Moving,Medium Moving,Medium Moving
103700214,TUGESAL  FC TABLET,50,19,2.6315789473684212,0.6839855680567694,47,Slow Moving,2,0.04570383912248629,0.01736745886654479,0.04296160877513711,-0.5278,-0.5648,-0.5439,-0.7022,-0.2614,Slow Moving,Slow Moving,Medium Moving,Slow Moving,Slow Moving,Slow Moving
103700217,VERIDIN FC TABLET,511,121,4.223140495867769,5.726382807243716,7,Medium Moving,1,0.4670932358318099,0.11060329067641682,0.006398537477148081,-0.2841,-0.1388,-0.3111,-0.0038,-0.4359,Medium Moving,Medium Moving,Medium Moving,Medium Moving,Medium Moving,Medium Moving
103700218,VOSTEON  FC TABLET,62,21,2.9523809523809526,2.246690688016276,16,Slow Moving,2,0.056672760511883,0.019195612431444242,0.014625228519195612,-0.5215,-0.5564,-0.497,-0.4857,-0.3966,Slow Moving,Slow Moving,Medium Moving,Medium Moving,Slow Moving,Slow Moving
103700219,X-CAM 15 TABLET,20,14,1.4285714285714286,0.646206172658864,196,Slow Moving,2,0.018281535648994516,0.012797074954296161,0.17915904936014626,-0.5437,-0.5856,-0.7199,-0.7074,0.3887,Slow Moving,Slow Moving,Slow Moving,Slow Moving,Slow Moving,Slow Moving
103700220,X-CAM 7.5 TABLET,502,80,6.275,5.9957263260772,93,Medium Moving,1,0.45886654478976235,0.07312614259597806,0.0850091407678245,-0.2888,-0.31,-0.0109,0.0335,-0.0607,Medium Moving,Medium Moving,Medium Moving,Medium Moving,Medium Moving,Medium Moving
103700221,XANTIA LICAPS,194,54,3.5925925925925926,2.3911670673742225,32,Medium Moving,1,0.1773308957952468,0.04936014625228519,0.029250457038391225,-0.4517,-0.4186,-0.4033,-0.4657,-0.3268,Medium Moving,Medium Moving,Medium Moving,Medium Moving,Medium Moving,Medium Moving
103700222,ZIRCUM KID SYRUP,689,134,5.141791044776119,4.994964359081116,1,Medium Moving,1,0.629798903107861,0.12248628884826325,0.0009140767824497258,-0.19,-0.0845,-0.1767,-0.1051,-0.4621,Medium Moving,Medium Moving,Medium Moving,Medium Moving,Medium Moving,Medium Moving
103700223,ZOTAM POWDER INJECTION,15,1,15.0,0.0,1006,Slow Moving,2,0.013711151736745886,0.0009140767824497258,0.9195612431444241,-0.5464,-0.6399,1.2654,-0.7969,3.9225,Slow Moving,Slow Moving,Slow Moving,Slow Moving,Slow Moving,Slow Moving
103700224,BIOTOPIX SPECIFIC LIFTING CREAM,2,1,2.0,0.0,519,Slow Moving,2,0.0018281535648994515,0.0009140767824497258,0.4744058500914077,-0.5532,-0.6399,-0.6363,-0.7969,1.7978,Slow Moving,Slow Moving,Slow Moving,Slow Moving,Slow Moving,Slow Moving
103700228,MUCIFAT  SUSPENSION,2762,395,6.992405063291139,8.915419998190591,0,Fast Moving,0,2.5246800731261425,0.3610603290676417,0.0,0.9062,1.0055,0.094,0.4378,-0.4664,Fast Moving,Fast Moving,Fast Moving,Fast Moving,Fast Moving,Fast Moving
103700229,COLATRIX LYCHEE POWDER,29,15,1.9333333333333333,0.7037315505489967,19,Slow Moving,2,0.026508226691042046,0.013711151736745886,0.01736745886654479,-0.5389,-0.5815,-0.646,-0.6994,-0.3835,Slow Moving,Slow Moving,Medium Moving,Slow Moving,Slow Moving,Slow Moving
103700232,OXORIL  SYRUP (STRAWBERRY),4464,694,6.432276657060519,8.449862060136091,8,Fast Moving,0,4.0804387568555756,0.6343692870201096,0.007312614259597806,1.8061,2.2542,0.0121,0.3733,-0.4315,Fast Moving,Fast Moving,Fast Moving,Fast Moving,Fast Moving,Fast Moving
103700234,MEPROCE 1000 INJEKSI,304,104,2.923076923076923,3.6302191960680728,1,Medium Moving,1,0.27787934186471663,0.09506398537477148,0.0009140767824497258,-0.3935,-0.2098,-0.5013,-0.2941,-0.4621,Medium Moving,Medium Moving,Medium Moving,Medium Moving,Medium Moving,Medium Moving
103700235,DTRIVIT 1000 DISPERSIBLE TABLET,1308,231,5.662337662337662,5.185960284922435,0,Fast Moving,0,1.1956124314442413,0.21115173674588666,0.0,0.1373,0.3206,-0.1005,-0.0787,-0.4664,Fast Moving,Fast Moving,Fast Moving,Fast Moving,Fast Moving,Fast Moving
103700236,PYREXIN  INFUSION,709,89,7.966292134831461,12.09756684608544,8,Medium Moving,1,0.6480804387568556,0.08135283363802559,0.007312614259597806,-0.1794,-0.2724,0.2365,0.8785,-0.4315,Medium Moving,Medium Moving,Medium Moving,Medium Moving,Medium Moving,Medium Moving
103700237,SODIUM VALPROATE SYRUP,712,31,22.967741935483872,15.477906557343259,149,Medium Moving,1,0.6508226691042047,0.0283363802559415,0.13619744058500913,-0.1778,-0.5146,2.431,1.3467,0.1836,Medium Moving,Medium Moving,Fast Moving,Fast Moving,Medium Moving,Medium Moving
103700239,GASTRINAL HD SUSPENSI,2645,542,4.880073800738008,3.9171655972360924,0,Fast Moving,0,2.417733089579525,0.4954296160877514,0.0,0.8443,1.6194,-0.215,-0.2544,-0.4664,Fast Moving,Fast Moving,Fast Moving,Fast Moving,Fast Moving,Fast Moving
103700246,METRONIDAZOLE BENZOATE SUSPENSION,296,30,9.866666666666667,14.3135656256413,21,Medium Moving,1,0.27056672760511885,0.027422303473491772,0.019195612431444242,-0.3978,-0.5188,0.5145,1.1854,-0.3748,Medium Moving,Medium Moving,Medium Moving,Medium Moving,Medium Moving,Medium Moving
103700248,OSTENIL PRE-FILLED SYRINGE,6,2,3.0,2.8284271247461903,133,Slow Moving,2,0.005484460694698354,0.0018281535648994515,0.12157221206581353,-0.5511,-0.6358,-0.49,-0.4052,0.1138,Slow Moving,Slow Moving,Slow Moving,Slow Moving,Slow Moving,Slow Moving
103700249,OSTENIL PLUS PRE-FILLED SYRINGE,5,5,1.0,0.0,466,Slow Moving,2,0.004570383912248629,0.004570383912248629,0.4259597806215722,-0.5516,-0.6232,-0.7826,-0.7969,1.5666,Slow Moving,Slow Moving,Slow Moving,Slow Moving,Slow Moving,Slow Moving
103700252,MEPRO-K LIQUID INJECTION,349,89,3.9213483146067416,5.8799055324452345,0,Medium Moving,1,0.3190127970749543,0.08135283363802559,0.0,-0.3697,-0.2724,-0.3552,0.0174,-0.4664,Medium Moving,Medium Moving,Medium Moving,Medium Moving,Medium Moving,Medium Moving
103700258,ZINC SULFATE SYRUP,3459,224,15.441964285714286,28.107835711973177,0,Fast Moving,0,3.1617915904936016,0.20475319926873858,0.0,1.2747,0.2914,1.3301,3.0958,-0.4664,Fast Moving,Fast Moving,Fast Moving,Fast Moving,Fast Moving,Fast Moving
103700265,POLYMEM 10 CM X 10 CM,468,66,7.090909090909091,5.6343104764872995,11,Medium Moving,1,0.42778793418647165,0.0603290676416819,0.010054844606946984,-0.3068,-0.3685,0.1084,-0.0166,-0.4184,Medium Moving,Medium Moving,Medium Moving,Medium Moving,Medium Moving,Medium Moving
1037002651,POLYMEM 10 CM X 10 CM - PAD,169,36,4.694444444444445,5.306704354975046,133,Medium Moving,1,0.15447897623400367,0.03290676416819013,0.12157221206581353,-0.4649,-0.4938,-0.2421,-0.062,0.1138,Medium Moving,Medium Moving,Medium Moving,Medium Moving,Medium Moving,Medium Moving
103700266,POLYMEM 17 CM X 19 CM,746,101,7.3861386138613865,4.987926015950322,0,Medium Moving,1,0.6819012797074955,0.0923217550274223,0.0,-0.1598,-0.2223,0.1516,-0.1061,-0.4664,Medium Moving,Medium Moving,Medium Moving,Medium Moving,Medium Moving,Medium Moving
1037002661,POLYMEM 17 CM X 19 CM - PAD,42,12,3.5,1.507556722888818,33,Slow Moving,2,0.038391224862888484,0.010968921389396709,0.03016453382084095,-0.5321,-0.594,-0.4169,-0.5881,-0.3225,Slow Moving,Slow Moving,Medium Moving,Slow Moving,Slow Moving,Slow Moving
103700267,POLYMEM MAX 11 CM X 11 CM,60,6,10.0,0.0,279,Slow Moving,2,0.054844606946983544,0.005484460694698354,0.25502742230347347,-0.5226,-0.619,0.534,-0.7969,0.7508,Medium Moving,Slow Moving,Slow Moving,Slow Moving,Slow Moving,Slow Moving
103700268,ZIRCUM KID DISPERSIBLE TABLET,101,58,1.7413793103448276,1.132616050017573,5,Medium Moving,1,0.0923217550274223,0.05301645338208409,0.004570383912248629,-0.5009,-0.4019,-0.6741,-0.64,-0.4446,Medium Moving,Medium Moving,Medium Moving,Medium Moving,Medium Moving,Medium Moving
103700272,PYREXIN EXTRA,212,68,3.1176470588235294,1.808185466024837,5,Medium Moving,1,0.19378427787934185,0.062157221206581355,0.004570383912248629,-0.4422,-0.3601,-0.4728,-0.5465,-0.4446,Medium Moving,Medium Moving,Medium Moving,Medium Moving,Medium Moving,Medium Moving
103700273,BONCERIN KAPSUL,53,22,2.409090909090909,1.4362348564112217,32,Slow Moving,2,0.048446069469835464,0.02010968921389397,0.029250457038391225,-0.5263,-0.5522,-0.5764,-0.598,-0.3268,Slow Moving,Slow Moving,Medium Moving,Slow Moving,Slow Moving,Slow Moving
103700274,NORAGES LIQUID INJECTION (10 AMP),6040,220,27.454545454545453,25.796405669289395,0,Fast Moving,0,5.521023765996343,0.20109689213893966,0.0,2.6394,0.2747,3.0874,2.7757,-0.4664,Fast Moving,Fast Moving,Fast Moving,Fast Moving,Fast Moving,Fast Moving
103700275,PURGATIX ENEMA,1977,122,16.204918032786885,16.885094666422578,5,Fast Moving,0,1.8071297989031079,0.11151736745886655,0.004570383912248629,0.4911,-0.1346,1.4417,1.5416,-0.4446,Fast Moving,Fast Moving,Fast Moving,Fast Moving,Fast Moving,Fast Moving
103700277,FENOLIP SUPRA 160 KSS,62,36,1.7222222222222223,1.7338826968250205,11,Slow Moving,2,0.056672760511883,0.03290676416819013,0.010054844606946984,-0.5215,-0.4938,-0.6769,-0.5568,-0.4184,Slow Moving,Slow Moving,Medium Moving,Medium Moving,Slow Moving,Slow Moving
103700278,EFOTAX 1 G  POWDER INJECTION (2 VIAL),948,190,4.989473684210527,3.755756743485264,0,Fast Moving,0,0.8665447897623401,0.1736745886654479,0.0,-0.053,0.1494,-0.199,-0.2767,-0.4664,Fast Moving,Fast Moving,Medium Moving,Medium Moving,Fast Moving,Fast Moving
103700289,PREGAMEP 50 CAPSULE,175,45,3.888888888888889,4.091133551642349,76,Medium Moving,1,0.15996343692870202,0.04113345521023766,0.06946983546617916,-0.4618,-0.4562,-0.36,-0.2303,-0.1349,Medium Moving,Medium Moving,Medium Moving,Medium Moving,Medium Moving,Medium Moving
103700290,PREGAMEP 75 CAPSULE,388,144,2.6944444444444446,3.2950010405206025,8,Medium Moving,1,0.3546617915904936,0.1316270566727605,0.007312614259597806,-0.3491,-0.0427,-0.5347,-0.3406,-0.4315,Medium Moving,Medium Moving,Medium Moving,Medium Moving,Medium Moving,Medium Moving
103700292,CRIAX POWDER INJECTION (2 VIAL),2099,351,5.98005698005698,5.741791755904473,0,Fast Moving,0,1.9186471663619744,0.32084095063985374,0.0,0.5556,0.8218,-0.0541,-0.0017,-0.4664,Fast Moving,Fast Moving,Fast Moving,Fast Moving,Fast Moving,Fast Moving
103700294,SERTRALINE HCL CAPLET,155,47,3.297872340425532,3.6470052849654806,13,Medium Moving,1,0.1416819012797075,0.04296160877513711,0.011882998171846435,-0.4723,-0.4478,-0.4464,-0.2918,-0.4097,Medium Moving,Medium Moving,Medium Moving,Medium Moving,Medium Moving,Medium Moving
103700296,PURGATIX ORAL,5,1,5.0,0.0,369,Slow Moving,2,0.004570383912248629,0.0009140767824497258,0.3372943327239488,-0.5516,-0.6399,-0.1974,-0.7969,1.1434,Slow Moving,Slow Moving,Slow Moving,Slow Moving,Slow Moving,Slow Moving
103700301,MEPROLAR CREAM,140,35,4.0,2.1282414723677108,9,Medium Moving,1,0.12797074954296161,0.031992687385740404,0.008226691042047532,-0.4803,-0.4979,-0.3437,-0.5021,-0.4272,Medium Moving,Medium Moving,Medium Moving,Medium Moving,Medium Moving,Medium Moving
103700302,MEPROLAR-N CREAM,433,96,4.510416666666667,3.0435256275599247,5,Medium Moving,1,0.39579524680073125,0.08775137111517367,0.004570383912248629,-0.3253,-0.2432,-0.269,-0.3754,-0.4446,Medium Moving,Medium Moving,Medium Moving,Medium Moving,Medium Moving,Medium Moving
103700304,TALOX 20 TABLET SALUT SELAPUT,2,2,1.0,0.0,651,Slow Moving,2,0.0018281535648994515,0.0018281535648994515,0.5950639853747715,-0.5532,-0.6358,-0.7826,-0.7969,2.3737,Slow Moving,Slow Moving,Slow Moving,Slow Moving,Slow Moving,Slow Moving
103700308,CO-AMOXICLAV TABLET SALUT SELAPUT,18138,788,23.017766497461928,51.447975860707665,0,Fast Moving,0,16.579524680073128,0.720292504570384,0.0,9.0364,2.6468,2.4383,6.3282,-0.4664,Fast Moving,Fast Moving,Fast Moving,Fast Moving,Fast Moving,Fast Moving
103700310,MEROPENEM 1 G POWDER INJECTION,215,44,4.886363636363637,10.318680078496856,1,Medium Moving,1,0.19652650822669104,0.04021937842778794,0.0009140767824497258,-0.4406,-0.4604,-0.214,0.6322,-0.4621,Medium Moving,Medium Moving,Medium Moving,Medium Moving,Medium Moving,Medium Moving
103700311,CEFTRIAXONE SODIUM SERBUK INJEKSI,7717,406,19.007389162561577,21.719705897590046,0,Fast Moving,0,7.053930530164534,0.3711151736745887,0.0,3.5262,1.0515,1.8517,2.2111,-0.4664,Fast Moving,Fast Moving,Fast Moving,Fast Moving,Fast Moving,Fast Moving
103700312,CEFOTAXIME SODIUM 1 G POWDER INJECTION,1835,171,10.730994152046783,11.499264869340985,13,Fast Moving,0,1.6773308957952469,0.1563071297989031,0.011882998171846435,0.416,0.07,0.6409,0.7957,-0.4097,Fast Moving,Fast Moving,Fast Moving,Fast Moving,Fast Moving,Fast Moving
103700313,CEFOPERAZONE SODIUM SERBUK INJEKSI,223,45,4.955555555555556,4.446426325793229,2,Medium Moving,1,0.20383912248628885,0.04113345521023766,0.0018281535648994515,-0.4364,-0.4562,-0.2039,-0.1811,-0.4577,Medium Moving,Medium Moving,Medium Moving,Medium Moving,Medium Moving,Medium Moving
103700314,RANITIDINE HCL LIQUID INJECTION,5713,294,19.431972789115648,26.165797142875732,36,Fast Moving,0,5.2221206581352835,0.2687385740402194,0.03290676416819013,2.4665,0.5837,1.9138,2.8268,-0.3094,Fast Moving,Fast Moving,Fast Moving,Fast Moving,Fast Moving,Fast Moving
103700315,CEFTAZIDIME POWDER INJECTION,11,2,5.5,6.363961030678928,793,Slow Moving,2,0.010054844606946984,0.0018281535648994515,0.7248628884826326,-0.5485,-0.6358,-0.1243,0.0845,2.9932,Slow Moving,Slow Moving,Slow Moving,Slow Moving,Slow Moving,Slow Moving
103700319,CEFEPIME HYDROCHLORIDE POWDER INJECTION,5,4,1.25,0.5,847,Slow Moving,2,0.004570383912248629,0.003656307129798903,0.7742230347349177,-0.5516,-0.6274,-0.746,-0.7276,3.2288,Slow Moving,Slow Moving,Slow Moving,Slow Moving,Slow Moving,Slow Moving
103700323,METHYLERGOMETRINE MALEATE LIQUID INJECTION,8,4,2.0,2.0,170,Slow Moving,2,0.007312614259597806,0.003656307129798903,0.15539305301645337,-0.5501,-0.6274,-0.6363,-0.5199,0.2752,Slow Moving,Slow Moving,Slow Moving,Slow Moving,Slow Moving,Slow Moving
103700331,CEFADROXIL MONOHYDRATE 125 SIRUP KERING,1251,109,11.477064220183486,9.617303397248442,0,Fast Moving,0,1.1435100548446069,0.09963436928702012,0.0,0.1072,-0.1889,0.7501,0.535,-0.4664,Fast Moving,Fast Moving,Fast Moving,Fast Moving,Fast Moving,Fast Moving
103700333,CEFADROXIL MONOHYDRATE 250 SIRUP KERING,791,63,12.555555555555555,10.798413530098998,0,Fast Moving,0,0.7230347349177331,0.05758683729433273,0.0,-0.136,-0.381,0.9079,0.6986,-0.4664,Fast Moving,Fast Moving,Fast Moving,Medium Moving,Fast Moving,Fast Moving
103700334,CLOMIFENE CITRATE TABLET,10,6,1.6666666666666667,0.816496580927726,54,Slow Moving,2,0.009140767824497258,0.005484460694698354,0.04936014625228519,-0.549,-0.619,-0.685,-0.6838,-0.2308,Slow Moving,Slow Moving,Slow Moving,Slow Moving,Slow Moving,Slow Moving
103700336,ZINC SULFATE MONOHYDRATE DISPERSIBLE TABLET,542,148,3.6621621621621623,3.2754582253128253,0,Medium Moving,1,0.4954296160877514,0.13528336380255943,0.0,-0.2677,-0.026,-0.3931,-0.3433,-0.4664,Medium Moving,Medium Moving,Medium Moving,Medium Moving,Medium Moving,Medium Moving
103700337,PHYTOMENADIONE LIQUID INJECTION (VITAMIN K),43,16,2.6875,3.048906907948049,39,Slow Moving,2,0.03930530164533821,0.014625228519195612,0.0356489945155393,-0.5315,-0.5773,-0.5357,-0.3746,-0.2963,Slow Moving,Slow Moving,Medium Moving,Medium Moving,Slow Moving,Slow Moving
103700338,AMOXICILLIN TRIHYDRATE DROPS,25,2,12.5,10.606601717798213,383,Slow Moving,2,0.022851919561243144,0.0018281535648994515,0.350091407678245,-0.5411,-0.6358,0.8997,0.672,1.2045,Medium Moving,Slow Moving,Slow Moving,Medium Moving,Slow Moving,Slow Moving
103700340,INTUNAL FORTE TABLET (10 TAB),3340,631,5.293185419968304,4.139388939127898,2,Fast Moving,0,3.0530164533820843,0.576782449725777,0.0018281535648994515,1.2118,1.9911,-0.1545,-0.2236,-0.4577,Fast Moving,Fast Moving,Fast Moving,Fast Moving,Fast Moving,Fast Moving
103700345,CEFADROXIL MONOHYDRATE KAPSUL,1553,270,5.7518518518518515,5.324550026915227,0,Fast Moving,0,1.4195612431444242,0.24680073126142596,0.0,0.2669,0.4835,-0.0874,-0.0595,-0.4664,Fast Moving,Fast Moving,Fast Moving,Fast Moving,Fast Moving,Fast Moving
103700353,MEPROTHION 250 TABLET,138,81,1.7037037037037037,1.7567330790735145,12,Medium Moving,1,0.12614259597806216,0.0740402193784278,0.010968921389396709,-0.4813,-0.3058,-0.6796,-0.5536,-0.4141,Medium Moving,Medium Moving,Medium Moving,Medium Moving,Medium Moving,Medium Moving
103700354,MEPROTHION 500 TABLET,486,262,1.8549618320610688,5.190799608273304,2,Medium Moving,1,0.44424131627056673,0.23948811700182815,0.0018281535648994515,-0.2973,0.4501,-0.6575,-0.078,-0.4577,Medium Moving,Medium Moving,Medium Moving,Medium Moving,Medium Moving,Medium Moving
103700356,ELOMEP KRIM 10 G,733,64,11.453125,9.346809467525388,5,Medium Moving,1,0.670018281535649,0.05850091407678245,0.004570383912248629,-0.1667,-0.3768,0.7466,0.4976,-0.4446,Fast Moving,Medium Moving,Medium Moving,Medium Moving,Medium Moving,Medium Moving
103700357,METOCLOPRAMIDE HCL LIQUID INJECTION,66,21,3.142857142857143,8.02050942450487,32,Slow Moving,2,0.0603290676416819,0.019195612431444242,0.029250457038391225,-0.5194,-0.5564,-0.4691,0.3139,-0.3268,Slow Moving,Slow Moving,Medium Moving,Medium Moving,Slow Moving,Slow Moving
103700364,PARACETAMOL SIRUP,2907,110,26.427272727272726,36.971464099104324,0,Fast Moving,0,2.6572212065813527,0.10054844606946983,0.0,0.9828,-0.1847,2.9371,4.3233,-0.4664,Fast Moving,Fast Moving,Fast Moving,Fast Moving,Fast Moving,Fast Moving
103700367,DIPHENHYDRAMINE HYDROCHORIDE INJECTION,71,39,1.8205128205128205,0.9966204702259603,8,Medium Moving,1,0.06489945155393052,0.0356489945155393,0.007312614259597806,-0.5167,-0.4812,-0.6625,-0.6589,-0.4315,Medium Moving,Medium Moving,Medium Moving,Medium Moving,Medium Moving,Medium Moving
103700374,ASTEROL SIRUP,5138,253,20.308300395256918,20.93413258342737,0,Fast Moving,0,4.696526508226691,0.2312614259597806,0.0,2.1625,0.4125,2.042,2.1023,-0.4664,Fast Moving,Fast Moving,Fast Moving,Fast Moving,Fast Moving,Fast Moving
103700378,LIDOCAINE HYDROCHLORIDE INJECTION,68,45,1.511111111111111,0.8426749136535455,0,Medium Moving,1,0.062157221206581355,0.04113345521023766,0.0,-0.5183,-0.4562,-0.7078,-0.6802,-0.4664,Medium Moving,Medium Moving,Medium Moving,Medium Moving,Medium Moving,Medium Moving
103700379,ZINC SULFATE MONOHYDRATE DROPS,918,71,12.929577464788732,9.92878059504931,47,Fast Moving,0,0.8391224862888482,0.06489945155393052,0.04296160877513711,-0.0689,-0.3476,0.9626,0.5782,-0.2614,Fast Moving,Fast Moving,Fast Moving,Medium Moving,Fast Moving,Fast Moving
103700383,DICLOFENAC POTASSIUM TABLET SALUT SELAPUT,5,1,5.0,0.0,671,Slow Moving,2,0.004570383912248629,0.0009140767824497258,0.613345521023766,-0.5516,-0.6399,-0.1974,-0.7969,2.461,Slow Moving,Slow Moving,Slow Moving,Slow Moving,Slow Moving,Slow Moving
103700402,MEPROSON SERBUK INJEKSI,17,4,4.25,3.947573094109004,279,Slow Moving,2,0.015539305301645339,0.003656307129798903,0.25502742230347347,-0.5453,-0.6274,-0.3071,-0.2502,0.7508,Medium Moving,Slow Moving,Slow Moving,Slow Moving,Slow Moving,Slow Moving
103700403,KOLSIN TABLET,23,15,1.5333333333333334,0.6399404734221844,13,Slow Moving,2,0.02102376599634369,0.013711151736745886,0.011882998171846435,-0.5421,-0.5815,-0.7046,-0.7083,-0.4097,Slow Moving,Slow Moving,Slow Moving,Slow Moving,Slow Moving,Slow Moving
103700412,KETOROLAC TROMETAMOL INJEKSI,11130,519,21.44508670520231,27.091372095727216,0,Fast Moving,0,10.173674588665447,0.4744058500914077,0.0,5.3308,1.5234,2.2083,2.955,-0.4664,Fast Moving,Fast Moving,Fast Moving,Fast Moving,Fast Moving,Fast Moving
103700413,DOPAMINE HYDROCHLORIDE INJECTION,2,2,1.0,0.0,334,Slow Moving,2,0.0018281535648994515,0.0018281535648994515,0.3053016453382084,-0.5532,-0.6358,-0.7826,-0.7969,0.9907,Slow Moving,Slow Moving,Slow Moving,Slow Moving,Slow Moving,Slow Moving
103700415,MEPROLUT TABLET,1388,322,4.3105590062111805,3.36138234589932,1,Fast Moving,0,1.2687385740402193,0.2943327239488117,0.0009140767824497258,0.1796,0.7006,-0.2983,-0.3314,-0.4621,Fast Moving,Fast Moving,Fast Moving,Fast Moving,Fast Moving,Fast Moving
103700416,DIGOXIN INJEKSI,38,17,2.235294117647059,1.147247344990711,76,Slow Moving,2,0.03473491773308958,0.015539305301645339,0.06946983546617916,-0.5342,-0.5731,-0.6019,-0.638,-0.1349,Slow Moving,Slow Moving,Slow Moving,Slow Moving,Slow Moving,Slow Moving
103700419,CLINDAMYCIN HCL 300 KAPSUL,132,58,2.2758620689655173,2.024352644616067,0,Medium Moving,1,0.1206581352833638,0.05301645338208409,0.0,-0.4845,-0.4019,-0.5959,-0.5165,-0.4664,Medium Moving,Medium Moving,Medium Moving,Medium Moving,Medium Moving,Medium Moving
103700420,URSODEOXYCHOLIC ACID KAPSUL,1101,184,5.983695652173913,6.217791802674143,0,Fast Moving,0,1.006398537477148,0.16819012797074953,0.0,0.0279,0.1243,-0.0535,0.0642,-0.4664,Fast Moving,Fast Moving,Fast Moving,Fast Moving,Fast Moving,Fast Moving
103700428,PROTECID TABLET,142,60,2.3666666666666667,1.5400491590950527,32,Medium Moving,1,0.12979890310786105,0.054844606946983544,0.029250457038391225,-0.4792,-0.3935,-0.5826,-0.5836,-0.3268,Medium Moving,Medium Moving,Medium Moving,Medium Moving,Medium Moving,Medium Moving
103700431,ANCEFA CAPSULE,26,11,2.3636363636363638,2.802596198981483,65,Slow Moving,2,0.02376599634369287,0.010054844606946984,0.05941499085923217,-0.5405,-0.5982,-0.5831,-0.4088,-0.1829,Slow Moving,Slow Moving,Medium Moving,Slow Moving,Slow Moving,Slow Moving
103700436,PROCATEROL HYDROCHLORIDE HEMIHYDRATE SIRUP,30,1,30.0,0.0,19,Slow Moving,2,0.027422303473491772,0.0009140767824497258,0.01736745886654479,-0.5384,-0.6399,3.4597,-0.7969,-0.3835,Slow Moving,Slow Moving,Slow Moving,Slow Moving,Slow Moving,Slow Moving
103700451,CEFUROXIME SODIUM SERBUK INJEKSI,2,1,2.0,0.0,487,Slow Moving,2,0.0018281535648994515,0.0009140767824497258,0.44515539305301643,-0.5532,-0.6399,-0.6363,-0.7969,1.6582,Slow Moving,Slow Moving,Slow Moving,Slow Moving,Slow Moving,Slow Moving
103700454,ENTECAVIR MONOHYDRATE TABLET SALUT SELAPUT 0.5 MG,10,1,10.0,0.0,81,Slow Moving,2,0.009140767824497258,0.0009140767824497258,0.0740402193784278,-0.549,-0.6399,0.534,-0.7969,-0.1131,Medium Moving,Slow Moving,Medium Moving,Slow Moving,Slow Moving,Slow Moving
103700456,MUCIFAT SUSPENSION (200 ML),1460,98,14.89795918367347,15.015792233867916,1,Fast Moving,0,1.3345521023765996,0.08957952468007313,0.0009140767824497258,0.2177,-0.2348,1.2505,1.2827,-0.4621,Fast Moving,Fast Moving,Fast Moving,Fast Moving,Fast Moving,Fast Moving
103700459,CALORLOSS KAPLET SALUT SELAPUT,216,119,1.815126050420168,3.524650208764854,26,Medium Moving,1,0.19744058500914077,0.10877513711151737,0.02376599634369287,-0.4401,-0.1471,-0.6633,-0.3088,-0.353,Medium Moving,Medium Moving,Medium Moving,Medium Moving,Medium Moving,Medium Moving
103700460,ORLIBES KAPSUL,86,30,2.8666666666666667,6.511175185698091,0,Medium Moving,1,0.07861060329067641,0.027422303473491772,0.0,-0.5088,-0.5188,-0.5095,0.1049,-0.4664,Slow Moving,Medium Moving,Medium Moving,Medium Moving,Medium Moving,Medium Moving
103700462,DTRIVIT DISPERSIBLE TABLET,840,134,6.268656716417911,6.5959251251973905,0,Fast Moving,0,0.7678244972577697,0.12248628884826325,0.0,-0.1101,-0.0845,-0.0118,0.1166,-0.4664,Fast Moving,Fast Moving,Medium Moving,Medium Moving,Fast Moving,Fast Moving
103700464,KETOCONAZOLE SCALP SOLUTION 2% (+ F BOX),16,5,3.2,1.7888543819998317,112,Slow Moving,2,0.014625228519195612,0.004570383912248629,0.10237659963436929,-0.5458,-0.6232,-0.4607,-0.5491,0.0222,Slow Moving,Slow Moving,Slow Moving,Slow Moving,Slow Moving,Slow Moving
103700474,GLIMEPIX 2 TABLET,67,18,3.7222222222222223,2.6965240273480524,701,Medium Moving,1,0.061243144424131625,0.016453382084095063,0.6407678244972578,-0.5189,-0.5689,-0.3843,-0.4234,2.5919,Slow Moving,Medium Moving,Slow Moving,Slow Moving,Medium Moving,Slow Moving
103700476,AZOMEP KAPLET SALUT SELAPUT,735,189,3.888888888888889,3.9198530874192667,0,Medium Moving,1,0.6718464351005484,0.17276051188299818,0.0,-0.1656,0.1452,-0.36,-0.254,-0.4664,Fast Moving,Medium Moving,Medium Moving,Medium Moving,Medium Moving,Medium Moving
103700478,MALTIRON ACTIVE KAPLET SALUT SELAPUT,26,6,4.333333333333333,1.96638416050035,495,Slow Moving,2,0.02376599634369287,0.005484460694698354,0.4524680073126143,-0.5405,-0.619,-0.2949,-0.5246,1.6931,Slow Moving,Slow Moving,Slow Moving,Slow Moving,Slow Moving,Slow Moving
103700479,MALTIRON GOLD KAPLET SALUT SELAPUT,1,1,1.0,0.0,222,Slow Moving,2,0.0009140767824497258,0.0009140767824497258,0.20292504570383912,-0.5538,-0.6399,-0.7826,-0.7969,0.5021,Slow Moving,Slow Moving,Slow Moving,Slow Moving,Slow Moving,Slow Moving
103700481,TAMPROSTAT TABLET SALUT SELAPUT PELEPASAN LAMBAT 0.4 MG,65,2,32.5,3.5355339059327378,0,Slow Moving,2,0.05941499085923217,0.0018281535648994515,0.0,-0.5199,-0.6358,3.8255,-0.3072,-0.4664,Slow Moving,Slow Moving,Slow Moving,Slow Moving,Slow Moving,Slow Moving
103700487,ANCEFA DROPS,268,24,11.166666666666666,4.931413649219679,82,Medium Moving,1,0.2449725776965265,0.021937842778793418,0.07495429616087751,-0.4126,-0.5439,0.7047,-0.1139,-0.1087,Medium Moving,Medium Moving,Medium Moving,Medium Moving,Medium Moving,Medium Moving
103700489,OMEGA - E CAPSULE,28,8,3.5,6.676183683170241,9,Slow Moving,2,0.025594149908592323,0.007312614259597806,0.008226691042047532,-0.5395,-0.6107,-0.4169,0.1277,-0.4272,Slow Moving,Slow Moving,Medium Moving,Medium Moving,Slow Moving,Slow Moving
103700490,ARGIMEP TABLET EFFERVESCENT,4081,267,15.284644194756554,26.68870723995159,0,Fast Moving,0,3.7303473491773307,0.24405850091407677,0.0,1.6036,0.471,1.3071,2.8993,-0.4664,Fast Moving,Fast Moving,Fast Moving,Fast Moving,Fast Moving,Fast Moving
103700491,PROMUCIL TABLET EFFERVESCENT,81,24,3.375,3.145908315643477,170,Medium Moving,1,0.0740402193784278,0.021937842778793418,0.15539305301645337,-0.5115,-0.5439,-0.4351,-0.3612,0.2752,Slow Moving,Medium Moving,Slow Moving,Slow Moving,Medium Moving,Slow Moving
103700493,ZIRCUM KID DROPS,263,60,4.383333333333334,3.3042944151393203,0,Medium Moving,1,0.24040219378427788,0.054844606946983544,0.0,-0.4152,-0.3935,-0.2876,-0.3393,-0.4664,Medium Moving,Medium Moving,Medium Moving,Medium Moving,Medium Moving,Medium Moving
103700494,CALMAS 250 TABLET HISAP,11,3,3.6666666666666665,2.3094010767585034,854,Slow Moving,2,0.010054844606946984,0.002742230347349177,0.7806215722120659,-0.5485,-0.6316,-0.3925,-0.4771,3.2594,Slow Moving,Slow Moving,Slow Moving,Slow Moving,Slow Moving,Slow Moving
103700495,CALMAS 250 SUSPENSION,161,43,3.744186046511628,2.601217876448078,16,Medium Moving,1,0.14716636197440586,0.03930530164533821,0.014625228519195612,-0.4692,-0.4645,-0.3811,-0.4366,-0.3966,Medium Moving,Medium Moving,Medium Moving,Medium Moving,Medium Moving,Medium Moving
103700496,DTRIVIT 4000 TABLET KUNYAH,1392,132,10.545454545454545,15.668494978979796,0,Fast Moving,0,1.2723948811700183,0.1206581352833638,0.0,0.1818,-0.0928,0.6138,1.3731,-0.4664,Fast Moving,Fast Moving,Fast Moving,Fast Moving,Fast Moving,Fast Moving
103700498,ROVAPRO 10 TABLET SALUT SELAPUT,52,18,2.888888888888889,1.7452081921613043,34,Slow Moving,2,0.04753199268738574,0.016453382084095063,0.031078610603290677,-0.5268,-0.5689,-0.5063,-0.5552,-0.3181,Slow Moving,Slow Moving,Medium Moving,Slow Moving,Slow Moving,Slow Moving
103700501,PRAZOX 1 TABLET,4,2,2.0,0.0,111,Slow Moving,2,0.003656307129798903,0.0018281535648994515,0.10146252285191956,-0.5522,-0.6358,-0.6363,-0.7969,0.0178,Slow Moving,Slow Moving,Slow Moving,Slow Moving,Slow Moving,Slow Moving
103700502,PRAZOX 0.5 TABLET,14,7,2.0,0.5773502691896257,22,Slow Moving,2,0.012797074954296161,0.006398537477148081,0.02010968921389397,-0.5469,-0.6149,-0.6363,-0.7169,-0.3705,Slow Moving,Slow Moving,Slow Moving,Slow Moving,Slow Moving,Slow Moving
103700509,CALMAS 400 TABLET KUNYAH,14,7,2.0,1.8257418583505538,464,Slow Moving,2,0.012797074954296161,0.006398537477148081,0.42413162705667273,-0.5469,-0.6149,-0.6363,-0.544,1.5579,Slow Moving,Slow Moving,Slow Moving,Slow Moving,Slow Moving,Slow Moving
103700511,DTRIVIT 5000 TABLET KUNYAH,395,96,4.114583333333333,4.551159000256312,0,Medium Moving,1,0.3610603290676417,0.08775137111517367,0.0,-0.3454,-0.2432,-0.3269,-0.1666,-0.4664,Medium Moving,Medium Moving,Medium Moving,Medium Moving,Medium Moving,Medium Moving
103700513,XANTIA KAPSUL,187,58,3.2241379310344827,3.2608421226827757,9,Medium Moving,1,0.17093235831809872,0.05301645338208409,0.008226691042047532,-0.4554,-0.4019,-0.4572,-0.3453,-0.4272,Medium Moving,Medium Moving,Medium Moving,Medium Moving,Medium Moving,Medium Moving
103700520,PROZEPAM 5 ENEMA,10,2,5.0,0.0,100,Slow Moving,2,0.009140767824497258,0.0018281535648994515,0.09140767824497258,-0.549,-0.6358,-0.1974,-0.7969,-0.0302,Slow Moving,Slow Moving,Slow Moving,Slow Moving,Slow Moving,Slow Moving
103700521,SIFOLIN KAPSUL,8,3,2.6666666666666665,2.0816659994661326,610,Slow Moving,2,0.007312614259597806,0.002742230347349177,0.5575868372943327,-0.5501,-0.6316,-0.5388,-0.5086,2.1948,Slow Moving,Slow Moving,Slow Moving,Slow Moving,Slow Moving,Slow Moving
103700523,ZIRCUM KID 10 SIRUP,398,65,6.123076923076923,4.836410382154867,5,Medium Moving,1,0.36380255941499084,0.05941499085923217,0.004570383912248629,-0.3438,-0.3727,-0.0331,-0.1271,-0.4446,Medium Moving,Medium Moving,Medium Moving,Medium Moving,Medium Moving,Medium Moving
103700526,MAXPRO DROPS,196,13,15.076923076923077,12.711291164823622,2,Medium Moving,1,0.17915904936014626,0.011882998171846435,0.0018281535648994515,-0.4506,-0.5898,1.2767,0.9635,-0.4577,Medium Moving,Medium Moving,Medium Moving,Medium Moving,Medium Moving,Medium Moving
103700528,CALMAS D TABLET KUNYAH,136,36,3.7777777777777777,1.5139562384902323,68,Medium Moving,1,0.12431444241316271,0.03290676416819013,0.062157221206581355,-0.4824,-0.4938,-0.3762,-0.5872,-0.1698,Medium Moving,Medium Moving,Medium Moving,Slow Moving,Medium Moving,Medium Moving
103700537,DONEXAN TABLET,619,117,5.2905982905982905,3.787592787209469,2,Medium Moving,1,0.5658135283363802,0.10694698354661791,0.0018281535648994515,-0.227,-0.1555,-0.1549,-0.2723,-0.4577,Medium Moving,Medium Moving,Medium Moving,Medium Moving,Medium Moving,Medium Moving
103700562,CEFIXIME TRIHYDRATE 100 KAPSUL,190,35,5.428571428571429,4.181793270593753,0,Medium Moving,1,0.1736745886654479,0.031992687385740404,0.0,-0.4538,-0.4979,-0.1347,-0.2177,-0.4664,Medium Moving,Medium Moving,Medium Moving,Medium Moving,Medium Moving,Medium Moving
103700580,MEPROXIB 60 TABLET SALUT SELAPUT,532,68,7.823529411764706,10.745274805276647,0,Medium Moving,1,0.48628884826325414,0.062157221206581355,0.0,-0.273,-0.3601,0.2156,0.6912,-0.4664,Medium Moving,Medium Moving,Medium Moving,Medium Moving,Medium Moving,Medium Moving
103700581,MEPROXIB 90 TABLET SALUT SELAPUT,36,17,2.1176470588235294,0.6002450479987809,1,Slow Moving,2,0.03290676416819013,0.015539305301645339,0.0009140767824497258,-0.5352,-0.5731,-0.6191,-0.7138,-0.4621,Slow Moving,Slow Moving,Medium Moving,Slow Moving,Slow Moving,Slow Moving
103700593,MYCONIX SALEP,21,6,3.5,1.378404875209022,0,Slow Moving,2,0.019195612431444242,0.005484460694698354,0.0,-0.5432,-0.619,-0.4169,-0.606,-0.4664,Slow Moving,Slow Moving,Medium Moving,Slow Moving,Slow Moving,Slow Moving
103700609,LAVASHA FEMININE HYGIENE WASH FOAM,4,2,2.0,0.0,279,Slow Moving,2,0.003656307129798903,0.0018281535648994515,0.25502742230347347,-0.5522,-0.6358,-0.6363,-0.7969,0.7508,Slow Moving,Slow Moving,Slow Moving,Slow Moving,Slow Moving,Slow Moving
103700610,LAVASHA STRETCH MARK CREAM,1,1,1.0,0.0,189,Slow Moving,2,0.0009140767824497258,0.0009140767824497258,0.17276051188299818,-0.5538,-0.6399,-0.7826,-0.7969,0.3581,Slow Moving,Slow Moving,Slow Moving,Slow Moving,Slow Moving,Slow Moving
103700611,LAVASHA NIPPLE AND LIP CARE,2,1,2.0,0.0,264,Slow Moving,2,0.0018281535648994515,0.0009140767824497258,0.2413162705667276,-0.5532,-0.6399,-0.6363,-0.7969,0.6853,Slow Moving,Slow Moving,Slow Moving,Slow Moving,Slow Moving,Slow Moving
103700612,LAVASHA BODY LOTION SERUM,4,3,1.3333333333333333,0.5773502691896258,264,Slow Moving,2,0.003656307129798903,0.002742230347349177,0.2413162705667276,-0.5522,-0.6316,-0.7338,-0.7169,0.6853,Slow Moving,Slow Moving,Slow Moving,Slow Moving,Slow Moving,Slow Moving
